event,runner_id,pace,distance
10K,1000,3.366666667,10.0
10K,1001,3.366666667,10.0
10K,1002,3.633333333,10.0
10K,1003,3.766666667,10.0
10K,1004,3.8,10.0
10K,1005,3.85,10.0
10K,1006,3.9,10.0
10K,1007,3.933333333,10.0
10K,1008,3.95,10.0
10K,1009,3.966666667,10.0
10K,1010,3.983333333,10.0
10K,1011,4.033333333,10.0
10K,1012,4.066666667,10.0
10K,1013,4.1,10.0
10K,1014,4.116666667,10.0
10K,1015,4.133333333,10.0
10K,1016,4.266666667,10.0
10K,1017,4.316666667,10.0
10K,1018,4.366666667,10.0
10K,1019,4.416666667,10.0
10K,1020,4.45,10.0
10K,1021,4.45,10.0
10K,1022,4.5,10.0
10K,1023,4.55,10.0
10K,1024,4.533333333,10.0
10K,1025,4.55,10.0
10K,1026,4.533333333,10.0
10K,1027,4.516666667,10.0
10K,1028,4.566666667,10.0
10K,1029,4.566666667,10.0
10K,1030,4.55,10.0
10K,1031,4.583333333,10.0
10K,1032,4.616666667,10.0
10K,1033,4.65,10.0
10K,1034,4.65,10.0
10K,1035,4.666666667,10.0
10K,1036,4.683333333,10.0
10K,1037,4.616666667,10.0
10K,1038,4.7,10.0
10K,1039,4.716666667,10.0
10K,1040,4.716666667,10.0
10K,1041,4.8,10.0
10K,1042,4.8,10.0
10K,1043,4.833333333,10.0
10K,1044,4.833333333,10.0
10K,1045,4.85,10.0
10K,1046,4.866666667,10.0
10K,1047,4.883333333,10.0
10K,1048,4.883333333,10.0
10K,1049,4.9,10.0
10K,1050,4.9,10.0
10K,1051,4.9,10.0
10K,1052,4.916666667,10.0
10K,1053,4.85,10.0
10K,1054,4.916666667,10.0
10K,1055,4.916666667,10.0
10K,1056,4.916666667,10.0
10K,1057,4.933333333,10.0
10K,1058,4.95,10.0
10K,1059,4.95,10.0
10K,1060,4.95,10.0
10K,1061,4.95,10.0
10K,1062,4.966666667,10.0
10K,1063,4.966666667,10.0
10K,1064,4.983333333,10.0
10K,1065,4.983333333,10.0
10K,1066,5.0,10.0
10K,1067,5.016666667,10.0
10K,1068,4.966666667,10.0
10K,1069,5.033333333,10.0
10K,1070,5.05,10.0
10K,1071,5.066666667,10.0
10K,1072,5.016666667,10.0
10K,1073,5.05,10.0
10K,1074,5.066666667,10.0
10K,1075,5.1,10.0
10K,1076,5.083333333,10.0
10K,1077,5.1,10.0
10K,1078,5.116666667,10.0
10K,1079,5.133333333,10.0
10K,1080,5.133333333,10.0
10K,1081,5.133333333,10.0
10K,1082,5.133333333,10.0
10K,1083,5.15,10.0
10K,1084,5.166666667,10.0
10K,1085,5.166666667,10.0
10K,1086,5.15,10.0
10K,1087,5.116666667,10.0
10K,1088,5.133333333,10.0
10K,1089,5.166666667,10.0
10K,1090,5.15,10.0
10K,1091,5.133333333,10.0
10K,1092,5.183333333,10.0
10K,1093,5.216666667,10.0
10K,1094,5.216666667,10.0
10K,1095,5.25,10.0
10K,1096,5.266666667,10.0
10K,1097,5.25,10.0
10K,1098,5.25,10.0
10K,1099,5.25,10.0
10K,1100,5.25,10.0
10K,1101,5.266666667,10.0
10K,1102,5.266666667,10.0
10K,1103,5.283333333,10.0
10K,1104,5.283333333,10.0
10K,1105,5.3,10.0
10K,1106,5.283333333,10.0
10K,1107,5.283333333,10.0
10K,1108,5.3,10.0
10K,1109,5.316666667,10.0
10K,1110,5.333333333,10.0
10K,1111,5.333333333,10.0
10K,1112,5.35,10.0
10K,1113,5.333333333,10.0
10K,1114,5.366666667,10.0
10K,1115,5.366666667,10.0
10K,1116,5.35,10.0
10K,1117,5.383333333,10.0
10K,1118,5.4,10.0
10K,1119,5.366666667,10.0
10K,1120,5.383333333,10.0
10K,1121,5.4,10.0
10K,1122,5.416666667,10.0
10K,1123,5.4,10.0
10K,1124,5.416666667,10.0
10K,1125,5.35,10.0
10K,1126,5.416666667,10.0
10K,1127,5.433333333,10.0
10K,1128,5.45,10.0
10K,1129,5.45,10.0
10K,1130,5.416666667,10.0
10K,1131,5.45,10.0
10K,1132,5.45,10.0
10K,1133,5.416666667,10.0
10K,1134,5.433333333,10.0
10K,1135,5.383333333,10.0
10K,1136,5.45,10.0
10K,1137,5.4,10.0
10K,1138,5.45,10.0
10K,1139,5.45,10.0
10K,1140,5.466666667,10.0
10K,1141,5.483333333,10.0
10K,1142,5.466666667,10.0
10K,1143,5.466666667,10.0
10K,1144,5.5,10.0
10K,1145,5.5,10.0
10K,1146,5.466666667,10.0
10K,1147,5.45,10.0
10K,1148,5.5,10.0
10K,1149,5.516666667,10.0
10K,1150,5.516666667,10.0
10K,1151,5.466666667,10.0
10K,1152,5.466666667,10.0
10K,1153,5.533333333,10.0
10K,1154,5.516666667,10.0
10K,1155,5.533333333,10.0
10K,1156,5.533333333,10.0
10K,1157,5.533333333,10.0
10K,1158,5.466666667,10.0
10K,1159,5.55,10.0
10K,1160,5.55,10.0
10K,1161,5.55,10.0
10K,1162,5.55,10.0
10K,1163,5.566666667,10.0
10K,1164,5.566666667,10.0
10K,1165,5.516666667,10.0
10K,1166,5.533333333,10.0
10K,1167,5.55,10.0
10K,1168,5.6,10.0
10K,1169,5.6,10.0
10K,1170,5.583333333,10.0
10K,1171,5.533333333,10.0
10K,1172,5.533333333,10.0
10K,1173,5.633333333,10.0
10K,1174,5.616666667,10.0
10K,1175,5.616666667,10.0
10K,1176,5.633333333,10.0
10K,1177,5.633333333,10.0
10K,1178,5.633333333,10.0
10K,1179,5.6,10.0
10K,1180,5.6,10.0
10K,1181,5.683333333,10.0
10K,1182,5.65,10.0
10K,1183,5.633333333,10.0
10K,1184,5.666666667,10.0
10K,1185,5.666666667,10.0
10K,1186,5.683333333,10.0
10K,1187,5.666666667,10.0
10K,1188,5.666666667,10.0
10K,1189,5.7,10.0
10K,1190,5.683333333,10.0
10K,1191,5.683333333,10.0
10K,1192,5.683333333,10.0
10K,1193,5.683333333,10.0
10K,1194,5.683333333,10.0
10K,1195,5.716666667,10.0
10K,1196,5.716666667,10.0
10K,1197,5.7,10.0
10K,1198,5.733333333,10.0
10K,1199,5.75,10.0
10K,1200,5.75,10.0
10K,1201,5.75,10.0
10K,1202,5.75,10.0
10K,1203,5.75,10.0
10K,1204,5.766666667,10.0
10K,1205,5.766666667,10.0
10K,1206,5.8,10.0
10K,1207,5.8,10.0
10K,1208,5.8,10.0
10K,1209,5.783333333,10.0
10K,1210,5.8,10.0
10K,1211,5.766666667,10.0
10K,1212,5.8,10.0
10K,1213,5.766666667,10.0
10K,1214,5.783333333,10.0
10K,1215,5.8,10.0
10K,1216,5.75,10.0
10K,1217,5.8,10.0
10K,1218,5.833333333,10.0
10K,1219,5.8,10.0
10K,1220,5.816666667,10.0
10K,1221,5.833333333,10.0
10K,1222,5.816666667,10.0
10K,1223,5.85,10.0
10K,1224,5.833333333,10.0
10K,1225,5.833333333,10.0
10K,1226,5.8,10.0
10K,1227,5.833333333,10.0
10K,1228,5.816666667,10.0
10K,1229,5.85,10.0
10K,1230,5.866666667,10.0
10K,1231,5.85,10.0
10K,1232,5.85,10.0
10K,1233,5.866666667,10.0
10K,1234,5.866666667,10.0
10K,1235,5.866666667,10.0
10K,1236,5.85,10.0
10K,1237,5.866666667,10.0
10K,1238,5.883333333,10.0
10K,1239,5.833333333,10.0
10K,1240,5.85,10.0
10K,1241,5.833333333,10.0
10K,1242,5.833333333,10.0
10K,1243,5.9,10.0
10K,1244,5.883333333,10.0
10K,1245,5.9,10.0
10K,1246,5.883333333,10.0
10K,1247,5.9,10.0
10K,1248,5.9,10.0
10K,1249,5.9,10.0
10K,1250,5.9,10.0
10K,1251,5.9,10.0
10K,1252,5.9,10.0
10K,1253,5.866666667,10.0
10K,1254,5.916666667,10.0
10K,1255,5.933333333,10.0
10K,1256,5.916666667,10.0
10K,1257,5.9,10.0
10K,1258,5.9,10.0
10K,1259,5.95,10.0
10K,1260,5.916666667,10.0
10K,1261,5.933333333,10.0
10K,1262,5.933333333,10.0
10K,1263,5.933333333,10.0
10K,1264,5.933333333,10.0
10K,1265,5.916666667,10.0
10K,1266,5.916666667,10.0
10K,1267,5.916666667,10.0
10K,1268,5.933333333,10.0
10K,1269,5.933333333,10.0
10K,1270,5.95,10.0
10K,1271,5.95,10.0
10K,1272,5.933333333,10.0
10K,1273,5.916666667,10.0
10K,1274,5.966666667,10.0
10K,1275,5.933333333,10.0
10K,1276,5.95,10.0
10K,1277,5.95,10.0
10K,1278,5.95,10.0
10K,1279,5.983333333,10.0
10K,1280,5.95,10.0
10K,1281,5.95,10.0
10K,1282,5.983333333,10.0
10K,1283,5.95,10.0
10K,1284,5.966666667,10.0
10K,1285,5.966666667,10.0
10K,1286,5.966666667,10.0
10K,1287,5.95,10.0
10K,1288,5.983333333,10.0
10K,1289,5.983333333,10.0
10K,1290,6.0,10.0
10K,1291,5.983333333,10.0
10K,1292,6.0,10.0
10K,1293,5.966666667,10.0
10K,1294,6.016666667,10.0
10K,1295,6.016666667,10.0
10K,1296,6.016666667,10.0
10K,1297,6.016666667,10.0
10K,1298,6.0,10.0
10K,1299,6.05,10.0
10K,1300,6.066666667,10.0
10K,1301,6.05,10.0
10K,1302,6.05,10.0
10K,1303,6.033333333,10.0
10K,1304,6.033333333,10.0
10K,1305,6.1,10.0
10K,1306,6.1,10.0
10K,1307,6.016666667,10.0
10K,1308,6.1,10.0
10K,1309,6.05,10.0
10K,1310,6.116666667,10.0
10K,1311,6.116666667,10.0
10K,1312,6.1,10.0
10K,1313,6.1,10.0
10K,1314,6.1,10.0
10K,1315,6.116666667,10.0
10K,1316,6.133333333,10.0
10K,1317,6.133333333,10.0
10K,1318,6.133333333,10.0
10K,1319,6.1,10.0
10K,1320,6.133333333,10.0
10K,1321,6.116666667,10.0
10K,1322,6.166666667,10.0
10K,1323,6.166666667,10.0
10K,1324,6.15,10.0
10K,1325,6.116666667,10.0
10K,1326,6.15,10.0
10K,1327,6.116666667,10.0
10K,1328,6.116666667,10.0
10K,1329,6.15,10.0
10K,1330,6.133333333,10.0
10K,1331,6.15,10.0
10K,1332,6.15,10.0
10K,1333,6.183333333,10.0
10K,1334,6.166666667,10.0
10K,1335,6.183333333,10.0
10K,1336,6.183333333,10.0
10K,1337,6.166666667,10.0
10K,1338,6.166666667,10.0
10K,1339,6.233333333,10.0
10K,1340,6.216666667,10.0
10K,1341,6.216666667,10.0
10K,1342,6.233333333,10.0
10K,1343,6.216666667,10.0
10K,1344,6.233333333,10.0
10K,1345,6.25,10.0
10K,1346,6.233333333,10.0
10K,1347,6.3,10.0
10K,1348,6.3,10.0
10K,1349,6.3,10.0
10K,1350,6.3,10.0
10K,1351,6.25,10.0
10K,1352,6.3,10.0
10K,1353,6.283333333,10.0
10K,1354,6.283333333,10.0
10K,1355,6.3,10.0
10K,1356,6.3,10.0
10K,1357,6.316666667,10.0
10K,1358,6.316666667,10.0
10K,1359,6.283333333,10.0
10K,1360,6.35,10.0
10K,1361,6.333333333,10.0
10K,1362,6.35,10.0
10K,1363,6.366666667,10.0
10K,1364,6.316666667,10.0
10K,1365,6.383333333,10.0
10K,1366,6.366666667,10.0
10K,1367,6.333333333,10.0
10K,1368,6.366666667,10.0
10K,1369,6.333333333,10.0
10K,1370,6.35,10.0
10K,1371,6.35,10.0
10K,1372,6.333333333,10.0
10K,1373,6.383333333,10.0
10K,1374,6.4,10.0
10K,1375,6.35,10.0
10K,1376,6.366666667,10.0
10K,1377,6.383333333,10.0
10K,1378,6.333333333,10.0
10K,1379,6.4,10.0
10K,1380,6.4,10.0
10K,1381,6.366666667,10.0
10K,1382,6.383333333,10.0
10K,1383,6.433333333,10.0
10K,1384,6.4,10.0
10K,1385,6.483333333,10.0
10K,1386,6.483333333,10.0
10K,1387,6.466666667,10.0
10K,1388,6.516666667,10.0
10K,1389,6.516666667,10.0
10K,1390,6.483333333,10.0
10K,1391,6.466666667,10.0
10K,1392,6.5,10.0
10K,1393,6.5,10.0
10K,1394,6.483333333,10.0
10K,1395,6.516666667,10.0
10K,1396,6.5,10.0
10K,1397,6.5,10.0
10K,1398,6.583333333,10.0
10K,1399,6.483333333,10.0
10K,1400,6.533333333,10.0
10K,1401,6.5,10.0
10K,1402,6.55,10.0
10K,1403,6.55,10.0
10K,1404,6.516666667,10.0
10K,1405,6.566666667,10.0
10K,1406,6.6,10.0
10K,1407,6.516666667,10.0
10K,1408,6.533333333,10.0
10K,1409,6.533333333,10.0
10K,1410,6.6,10.0
10K,1411,6.616666667,10.0
10K,1412,6.6,10.0
10K,1413,6.666666667,10.0
10K,1414,6.6,10.0
10K,1415,6.616666667,10.0
10K,1416,6.616666667,10.0
10K,1417,6.683333333,10.0
10K,1418,6.666666667,10.0
10K,1419,6.7,10.0
10K,1420,6.7,10.0
10K,1421,6.683333333,10.0
10K,1422,6.683333333,10.0
10K,1423,6.666666667,10.0
10K,1424,6.7,10.0
10K,1425,6.7,10.0
10K,1426,6.733333333,10.0
10K,1427,6.783333333,10.0
10K,1428,6.75,10.0
10K,1429,6.8,10.0
10K,1430,6.8,10.0
10K,1431,6.733333333,10.0
10K,1432,6.733333333,10.0
10K,1433,6.75,10.0
10K,1434,6.75,10.0
10K,1435,6.75,10.0
10K,1436,6.766666667,10.0
10K,1437,6.833333333,10.0
10K,1438,6.833333333,10.0
10K,1439,6.8,10.0
10K,1440,6.833333333,10.0
10K,1441,6.8,10.0
10K,1442,6.816666667,10.0
10K,1443,6.9,10.0
10K,1444,6.866666667,10.0
10K,1445,6.85,10.0
10K,1446,6.933333333,10.0
10K,1447,6.933333333,10.0
10K,1448,6.916666667,10.0
10K,1449,6.916666667,10.0
10K,1450,6.95,10.0
10K,1451,6.95,10.0
10K,1452,6.983333333,10.0
10K,1453,7.0,10.0
10K,1454,6.966666667,10.0
10K,1455,6.95,10.0
10K,1456,6.983333333,10.0
10K,1457,6.966666667,10.0
10K,1458,6.983333333,10.0
10K,1459,6.983333333,10.0
10K,1460,7.0,10.0
10K,1461,7.0,10.0
10K,1462,6.983333333,10.0
10K,1463,7.033333333,10.0
10K,1464,7.016666667,10.0
10K,1465,7.016666667,10.0
10K,1466,7.05,10.0
10K,1467,7.016666667,10.0
10K,1468,7.016666667,10.0
10K,1469,7.0,10.0
10K,1470,7.016666667,10.0
10K,1471,7.016666667,10.0
10K,1472,7.033333333,10.0
10K,1473,7.033333333,10.0
10K,1474,7.066666667,10.0
10K,1475,7.066666667,10.0
10K,1476,7.066666667,10.0
10K,1477,7.016666667,10.0
10K,1478,7.1,10.0
10K,1479,7.116666667,10.0
10K,1480,7.116666667,10.0
10K,1481,7.15,10.0
10K,1482,7.133333333,10.0
10K,1483,7.133333333,10.0
10K,1484,7.166666667,10.0
10K,1485,7.15,10.0
10K,1486,7.183333333,10.0
10K,1487,7.183333333,10.0
10K,1488,7.183333333,10.0
10K,1489,7.2,10.0
10K,1490,7.2,10.0
10K,1491,7.216666667,10.0
10K,1492,7.25,10.0
10K,1493,7.35,10.0
10K,1494,7.383333333,10.0
10K,1495,7.383333333,10.0
10K,1496,7.416666667,10.0
10K,1497,7.466666667,10.0
10K,1498,7.483333333,10.0
10K,1499,7.516666667,10.0
10K,1500,7.5,10.0
10K,1501,7.5,10.0
10K,1502,7.516666667,10.0
10K,1503,7.516666667,10.0
10K,1504,7.516666667,10.0
10K,1505,7.5,10.0
10K,1506,7.5,10.0
10K,1507,7.566666667,10.0
10K,1508,7.55,10.0
10K,1509,7.55,10.0
10K,1510,7.55,10.0
10K,1511,7.55,10.0
10K,1512,7.55,10.0
10K,1513,7.583333333,10.0
10K,1514,7.6,10.0
10K,1515,7.583333333,10.0
10K,1516,7.666666667,10.0
10K,1517,7.666666667,10.0
10K,1518,7.733333333,10.0
10K,1519,7.733333333,10.0
10K,1520,7.716666667,10.0
10K,1521,7.733333333,10.0
10K,1522,7.733333333,10.0
10K,1523,7.783333333,10.0
10K,1524,7.783333333,10.0
10K,1525,7.783333333,10.0
10K,1526,7.8,10.0
10K,1527,7.816666667,10.0
10K,1528,7.816666667,10.0
10K,1529,6.283333333,10.0
10K,1530,7.85,10.0
10K,1531,7.866666667,10.0
10K,1532,7.9,10.0
10K,1533,7.916666667,10.0
10K,1534,8.033333333,10.0
10K,1535,8.1,10.0
10K,1536,8.1,10.0
10K,1537,8.016666667,10.0
10K,1538,8.066666667,10.0
10K,1539,8.05,10.0
10K,1540,8.116666667,10.0
10K,1541,8.183333333,10.0
10K,1542,8.15,10.0
10K,1543,8.15,10.0
10K,1544,8.15,10.0
10K,1545,8.266666667,10.0
10K,1546,8.216666667,10.0
10K,1547,8.333333333,10.0
10K,1548,8.266666667,10.0
10K,1549,8.283333333,10.0
10K,1550,8.333333333,10.0
10K,1551,8.35,10.0
10K,1552,8.366666667,10.0
10K,1553,8.35,10.0
10K,1554,8.35,10.0
10K,1555,8.366666667,10.0
10K,1556,8.466666667,10.0
10K,1557,8.533333333,10.0
10K,1558,8.55,10.0
10K,1559,8.583333333,10.0
10K,1560,8.583333333,10.0
10K,1561,8.633333333,10.0
10K,1562,8.65,10.0
10K,1563,8.716666667,10.0
10K,1564,8.733333333,10.0
10K,1565,8.733333333,10.0
10K,1566,8.75,10.0
10K,1567,8.866666667,10.0
10K,1568,8.9,10.0
10K,1569,8.9,10.0
10K,1570,9.016666667,10.0
10K,1571,9.016666667,10.0
10K,1572,9.116666667,10.0
10K,1573,9.116666667,10.0
10K,1574,9.25,10.0
10K,1575,9.25,10.0
10K,1576,9.25,10.0
10K,1577,9.316666667,10.0
10K,1578,9.35,10.0
10K,1579,9.25,10.0
10K,1580,9.25,10.0
10K,1581,9.25,10.0
10K,1582,9.4,10.0
10K,1583,9.383333333,10.0
10K,1584,9.666666667,10.0
10K,1585,9.716666667,10.0
10K,1586,9.716666667,10.0
10K,1587,9.766666667,10.0
10K,1588,9.85,10.0
10K,1589,9.85,10.0
10K,1590,9.933333333,10.0
10K,1591,10.03333333,10.0
10K,1592,10.03333333,10.0
10K,1593,10.03333333,10.0
10K,1594,10.03333333,10.0
10K,1595,10.13333333,10.0
10K,1596,10.15,10.0
10K,1597,10.41666667,10.0
10K,1598,10.43333333,10.0
10K,1599,10.53333333,10.0
10K,1600,10.53333333,10.0
10K,1601,10.53333333,10.0
10K,1602,10.55,10.0
10K,1603,10.55,10.0
10K,1604,10.55,10.0
10K,1605,10.6,10.0
10K,1606,10.78333333,10.0
10K,1607,10.78333333,10.0
10K,1608,11.26666667,10.0
10K,1609,11.26666667,10.0
10K,1610,11.3,10.0
10K,1611,11.3,10.0
10K,1612,11.43333333,10.0
10K,1613,11.78333333,10.0
10K,1614,11.78333333,10.0
10K,1615,11.78333333,10.0
10K,1616,11.78333333,10.0
10K,1617,12.08333333,10.0
Half,1618,3.583333333,21.1
Half,1619,3.7,21.1
Half,1620,3.8,21.1
Half,1621,3.816666667,21.1
Half,1622,3.816666667,21.1
Half,1623,3.85,21.1
Half,1624,3.883333333,21.1
Half,1625,3.9,21.1
Half,1626,3.9,21.1
Half,1627,3.933333333,21.1
Half,1628,3.966666667,21.1
Half,1629,3.983333333,21.1
Half,1630,4.016666667,21.1
Half,1631,4.033333333,21.1
Half,1632,4.033333333,21.1
Half,1633,4.033333333,21.1
Half,1634,4.05,21.1
Half,1635,4.066666667,21.1
Half,1636,4.066666667,21.1
Half,1637,4.083333333,21.1
Half,1638,4.1,21.1
Half,1639,4.1,21.1
Half,1640,4.116666667,21.1
Half,1641,4.116666667,21.1
Half,1642,4.133333333,21.1
Half,1643,4.133333333,21.1
Half,1644,4.15,21.1
Half,1645,4.166666667,21.1
Half,1646,4.166666667,21.1
Half,1647,4.166666667,21.1
Half,1648,4.15,21.1
Half,1649,4.166666667,21.1
Half,1650,4.166666667,21.1
Half,1651,4.183333333,21.1
Half,1652,4.183333333,21.1
Half,1653,4.183333333,21.1
Half,1654,4.166666667,21.1
Half,1655,4.216666667,21.1
Half,1656,4.266666667,21.1
Half,1657,4.266666667,21.1
Half,1658,4.266666667,21.1
Half,1659,4.3,21.1
Half,1660,4.3,21.1
Half,1661,4.316666667,21.1
Half,1662,4.316666667,21.1
Half,1663,4.316666667,21.1
Half,1664,4.366666667,21.1
Half,1665,4.366666667,21.1
Half,1666,4.383333333,21.1
Half,1667,4.383333333,21.1
Half,1668,4.4,21.1
Half,1669,4.4,21.1
Half,1670,4.4,21.1
Half,1671,4.4,21.1
Half,1672,4.416666667,21.1
Half,1673,4.416666667,21.1
Half,1674,4.416666667,21.1
Half,1675,4.416666667,21.1
Half,1676,4.4,21.1
Half,1677,4.433333333,21.1
Half,1678,4.433333333,21.1
Half,1679,4.433333333,21.1
Half,1680,4.45,21.1
Half,1681,4.45,21.1
Half,1682,4.466666667,21.1
Half,1683,4.466666667,21.1
Half,1684,4.466666667,21.1
Half,1685,4.466666667,21.1
Half,1686,4.466666667,21.1
Half,1687,4.483333333,21.1
Half,1688,4.5,21.1
Half,1689,4.5,21.1
Half,1690,4.516666667,21.1
Half,1691,4.5,21.1
Half,1692,4.516666667,21.1
Half,1693,4.516666667,21.1
Half,1694,4.55,21.1
Half,1695,4.55,21.1
Half,1696,4.566666667,21.1
Half,1697,4.566666667,21.1
Half,1698,4.566666667,21.1
Half,1699,4.566666667,21.1
Half,1700,4.583333333,21.1
Half,1701,4.583333333,21.1
Half,1702,4.6,21.1
Half,1703,4.6,21.1
Half,1704,4.616666667,21.1
Half,1705,4.633333333,21.1
Half,1706,4.616666667,21.1
Half,1707,4.65,21.1
Half,1708,4.666666667,21.1
Half,1709,4.666666667,21.1
Half,1710,4.666666667,21.1
Half,1711,4.633333333,21.1
Half,1712,4.683333333,21.1
Half,1713,4.666666667,21.1
Half,1714,4.683333333,21.1
Half,1715,4.683333333,21.1
Half,1716,4.683333333,21.1
Half,1717,4.666666667,21.1
Half,1718,4.683333333,21.1
Half,1719,4.683333333,21.1
Half,1720,4.683333333,21.1
Half,1721,4.7,21.1
Half,1722,4.683333333,21.1
Half,1723,4.7,21.1
Half,1724,4.716666667,21.1
Half,1725,4.716666667,21.1
Half,1726,4.716666667,21.1
Half,1727,4.716666667,21.1
Half,1728,4.733333333,21.1
Half,1729,4.633333333,21.1
Half,1730,4.716666667,21.1
Half,1731,4.733333333,21.1
Half,1732,4.7,21.1
Half,1733,4.733333333,21.1
Half,1734,4.75,21.1
Half,1735,4.733333333,21.1
Half,1736,4.75,21.1
Half,1737,4.75,21.1
Half,1738,4.75,21.1
Half,1739,4.766666667,21.1
Half,1740,4.766666667,21.1
Half,1741,4.733333333,21.1
Half,1742,4.766666667,21.1
Half,1743,4.783333333,21.1
Half,1744,4.75,21.1
Half,1745,4.783333333,21.1
Half,1746,4.783333333,21.1
Half,1747,4.783333333,21.1
Half,1748,4.816666667,21.1
Half,1749,4.816666667,21.1
Half,1750,4.783333333,21.1
Half,1751,4.816666667,21.1
Half,1752,4.833333333,21.1
Half,1753,4.833333333,21.1
Half,1754,4.833333333,21.1
Half,1755,4.833333333,21.1
Half,1756,4.833333333,21.1
Half,1757,4.833333333,21.1
Half,1758,4.833333333,21.1
Half,1759,4.85,21.1
Half,1760,4.85,21.1
Half,1761,4.866666667,21.1
Half,1762,4.883333333,21.1
Half,1763,4.883333333,21.1
Half,1764,4.866666667,21.1
Half,1765,4.883333333,21.1
Half,1766,4.866666667,21.1
Half,1767,4.883333333,21.1
Half,1768,4.883333333,21.1
Half,1769,4.883333333,21.1
Half,1770,4.883333333,21.1
Half,1771,4.883333333,21.1
Half,1772,4.9,21.1
Half,1773,4.9,21.1
Half,1774,4.9,21.1
Half,1775,4.916666667,21.1
Half,1776,4.9,21.1
Half,1777,4.916666667,21.1
Half,1778,4.933333333,21.1
Half,1779,4.916666667,21.1
Half,1780,4.916666667,21.1
Half,1781,4.933333333,21.1
Half,1782,4.933333333,21.1
Half,1783,4.916666667,21.1
Half,1784,4.916666667,21.1
Half,1785,4.933333333,21.1
Half,1786,4.933333333,21.1
Half,1787,4.933333333,21.1
Half,1788,4.933333333,21.1
Half,1789,4.933333333,21.1
Half,1790,4.933333333,21.1
Half,1791,4.966666667,21.1
Half,1792,4.966666667,21.1
Half,1793,4.95,21.1
Half,1794,4.983333333,21.1
Half,1795,4.966666667,21.1
Half,1796,4.966666667,21.1
Half,1797,4.983333333,21.1
Half,1798,5.0,21.1
Half,1799,5.016666667,21.1
Half,1800,5.0,21.1
Half,1801,5.016666667,21.1
Half,1802,5.033333333,21.1
Half,1803,5.033333333,21.1
Half,1804,5.016666667,21.1
Half,1805,5.033333333,21.1
Half,1806,5.05,21.1
Half,1807,5.05,21.1
Half,1808,5.05,21.1
Half,1809,5.05,21.1
Half,1810,5.05,21.1
Half,1811,5.05,21.1
Half,1812,5.0,21.1
Half,1813,5.066666667,21.1
Half,1814,5.066666667,21.1
Half,1815,5.066666667,21.1
Half,1816,5.05,21.1
Half,1817,5.066666667,21.1
Half,1818,5.083333333,21.1
Half,1819,5.1,21.1
Half,1820,5.083333333,21.1
Half,1821,5.116666667,21.1
Half,1822,5.1,21.1
Half,1823,5.116666667,21.1
Half,1824,5.133333333,21.1
Half,1825,5.133333333,21.1
Half,1826,5.133333333,21.1
Half,1827,5.133333333,21.1
Half,1828,5.133333333,21.1
Half,1829,5.133333333,21.1
Half,1830,5.15,21.1
Half,1831,5.133333333,21.1
Half,1832,5.133333333,21.1
Half,1833,5.15,21.1
Half,1834,5.166666667,21.1
Half,1835,5.15,21.1
Half,1836,5.15,21.1
Half,1837,5.15,21.1
Half,1838,5.166666667,21.1
Half,1839,5.15,21.1
Half,1840,5.166666667,21.1
Half,1841,5.183333333,21.1
Half,1842,5.183333333,21.1
Half,1843,5.15,21.1
Half,1844,5.15,21.1
Half,1845,5.183333333,21.1
Half,1846,5.133333333,21.1
Half,1847,5.2,21.1
Half,1848,5.2,21.1
Half,1849,5.2,21.1
Half,1850,5.216666667,21.1
Half,1851,5.2,21.1
Half,1852,5.183333333,21.1
Half,1853,5.216666667,21.1
Half,1854,5.2,21.1
Half,1855,5.233333333,21.1
Half,1856,5.2,21.1
Half,1857,5.2,21.1
Half,1858,5.233333333,21.1
Half,1859,5.25,21.1
Half,1860,5.25,21.1
Half,1861,5.233333333,21.1
Half,1862,5.25,21.1
Half,1863,5.233333333,21.1
Half,1864,5.233333333,21.1
Half,1865,5.233333333,21.1
Half,1866,5.25,21.1
Half,1867,5.233333333,21.1
Half,1868,5.216666667,21.1
Half,1869,5.183333333,21.1
Half,1870,5.283333333,21.1
Half,1871,5.2,21.1
Half,1872,5.266666667,21.1
Half,1873,5.266666667,21.1
Half,1874,5.25,21.1
Half,1875,5.283333333,21.1
Half,1876,5.266666667,21.1
Half,1877,5.283333333,21.1
Half,1878,5.266666667,21.1
Half,1879,5.3,21.1
Half,1880,5.283333333,21.1
Half,1881,5.283333333,21.1
Half,1882,5.3,21.1
Half,1883,5.283333333,21.1
Half,1884,5.3,21.1
Half,1885,5.3,21.1
Half,1886,5.316666667,21.1
Half,1887,5.316666667,21.1
Half,1888,5.316666667,21.1
Half,1889,5.3,21.1
Half,1890,5.3,21.1
Half,1891,5.316666667,21.1
Half,1892,5.3,21.1
Half,1893,5.333333333,21.1
Half,1894,5.283333333,21.1
Half,1895,5.333333333,21.1
Half,1896,5.333333333,21.1
Half,1897,5.333333333,21.1
Half,1898,5.333333333,21.1
Half,1899,5.333333333,21.1
Half,1900,5.333333333,21.1
Half,1901,5.35,21.1
Half,1902,5.35,21.1
Half,1903,5.316666667,21.1
Half,1904,5.333333333,21.1
Half,1905,5.3,21.1
Half,1906,5.35,21.1
Half,1907,5.35,21.1
Half,1908,5.333333333,21.1
Half,1909,5.35,21.1
Half,1910,5.35,21.1
Half,1911,5.366666667,21.1
Half,1912,5.366666667,21.1
Half,1913,5.366666667,21.1
Half,1914,5.35,21.1
Half,1915,5.35,21.1
Half,1916,5.366666667,21.1
Half,1917,5.366666667,21.1
Half,1918,5.383333333,21.1
Half,1919,5.366666667,21.1
Half,1920,5.366666667,21.1
Half,1921,5.383333333,21.1
Half,1922,5.366666667,21.1
Half,1923,5.383333333,21.1
Half,1924,5.333333333,21.1
Half,1925,5.383333333,21.1
Half,1926,5.4,21.1
Half,1927,5.4,21.1
Half,1928,5.416666667,21.1
Half,1929,5.4,21.1
Half,1930,5.4,21.1
Half,1931,5.4,21.1
Half,1932,5.433333333,21.1
Half,1933,5.416666667,21.1
Half,1934,5.416666667,21.1
Half,1935,5.433333333,21.1
Half,1936,5.433333333,21.1
Half,1937,5.416666667,21.1
Half,1938,5.433333333,21.1
Half,1939,5.433333333,21.1
Half,1940,5.433333333,21.1
Half,1941,5.433333333,21.1
Half,1942,5.433333333,21.1
Half,1943,5.45,21.1
Half,1944,5.45,21.1
Half,1945,5.466666667,21.1
Half,1946,5.433333333,21.1
Half,1947,5.466666667,21.1
Half,1948,5.416666667,21.1
Half,1949,5.45,21.1
Half,1950,5.483333333,21.1
Half,1951,5.483333333,21.1
Half,1952,5.466666667,21.1
Half,1953,5.5,21.1
Half,1954,5.483333333,21.1
Half,1955,5.483333333,21.1
Half,1956,5.5,21.1
Half,1957,5.483333333,21.1
Half,1958,5.5,21.1
Half,1959,5.516666667,21.1
Half,1960,5.483333333,21.1
Half,1961,5.533333333,21.1
Half,1962,5.533333333,21.1
Half,1963,5.533333333,21.1
Half,1964,5.516666667,21.1
Half,1965,5.533333333,21.1
Half,1966,5.533333333,21.1
Half,1967,5.516666667,21.1
Half,1968,5.516666667,21.1
Half,1969,5.533333333,21.1
Half,1970,5.533333333,21.1
Half,1971,5.533333333,21.1
Half,1972,5.533333333,21.1
Half,1973,5.516666667,21.1
Half,1974,5.55,21.1
Half,1975,5.516666667,21.1
Half,1976,5.55,21.1
Half,1977,5.55,21.1
Half,1978,5.533333333,21.1
Half,1979,5.516666667,21.1
Half,1980,5.5,21.1
Half,1981,5.533333333,21.1
Half,1982,5.55,21.1
Half,1983,5.533333333,21.1
Half,1984,5.533333333,21.1
Half,1985,5.5,21.1
Half,1986,5.55,21.1
Half,1987,5.55,21.1
Half,1988,5.566666667,21.1
Half,1989,5.55,21.1
Half,1990,5.55,21.1
Half,1991,5.55,21.1
Half,1992,5.55,21.1
Half,1993,5.55,21.1
Half,1994,5.55,21.1
Half,1995,5.566666667,21.1
Half,1996,5.55,21.1
Half,1997,5.583333333,21.1
Half,1998,5.566666667,21.1
Half,1999,5.6,21.1
Half,2000,5.583333333,21.1
Half,2001,5.583333333,21.1
Half,2002,5.583333333,21.1
Half,2003,5.583333333,21.1
Half,2004,5.583333333,21.1
Half,2005,5.633333333,21.1
Half,2006,5.616666667,21.1
Half,2007,5.6,21.1
Half,2008,5.6,21.1
Half,2009,5.6,21.1
Half,2010,5.6,21.1
Half,2011,5.65,21.1
Half,2012,5.65,21.1
Half,2013,5.616666667,21.1
Half,2014,5.633333333,21.1
Half,2015,5.633333333,21.1
Half,2016,5.6,21.1
Half,2017,5.65,21.1
Half,2018,5.616666667,21.1
Half,2019,5.633333333,21.1
Half,2020,5.6,21.1
Half,2021,5.65,21.1
Half,2022,5.65,21.1
Half,2023,5.65,21.1
Half,2024,5.666666667,21.1
Half,2025,5.65,21.1
Half,2026,5.666666667,21.1
Half,2027,5.616666667,21.1
Half,2028,5.65,21.1
Half,2029,5.666666667,21.1
Half,2030,5.65,21.1
Half,2031,5.683333333,21.1
Half,2032,5.666666667,21.1
Half,2033,5.666666667,21.1
Half,2034,5.683333333,21.1
Half,2035,5.666666667,21.1
Half,2036,5.683333333,21.1
Half,2037,5.683333333,21.1
Half,2038,5.7,21.1
Half,2039,5.683333333,21.1
Half,2040,5.683333333,21.1
Half,2041,5.683333333,21.1
Half,2042,5.683333333,21.1
Half,2043,5.716666667,21.1
Half,2044,5.683333333,21.1
Half,2045,5.716666667,21.1
Half,2046,5.7,21.1
Half,2047,5.716666667,21.1
Half,2048,5.7,21.1
Half,2049,5.7,21.1
Half,2050,5.716666667,21.1
Half,2051,5.7,21.1
Half,2052,5.733333333,21.1
Half,2053,5.733333333,21.1
Half,2054,5.733333333,21.1
Half,2055,5.716666667,21.1
Half,2056,5.716666667,21.1
Half,2057,5.716666667,21.1
Half,2058,5.733333333,21.1
Half,2059,5.733333333,21.1
Half,2060,5.766666667,21.1
Half,2061,5.733333333,21.1
Half,2062,5.716666667,21.1
Half,2063,5.716666667,21.1
Half,2064,5.766666667,21.1
Half,2065,5.783333333,21.1
Half,2066,5.75,21.1
Half,2067,5.75,21.1
Half,2068,5.75,21.1
Half,2069,5.75,21.1
Half,2070,5.75,21.1
Half,2071,5.766666667,21.1
Half,2072,5.733333333,21.1
Half,2073,5.733333333,21.1
Half,2074,5.733333333,21.1
Half,2075,5.766666667,21.1
Half,2076,5.8,21.1
Half,2077,5.766666667,21.1
Half,2078,5.766666667,21.1
Half,2079,5.783333333,21.1
Half,2080,5.75,21.1
Half,2081,5.8,21.1
Half,2082,5.816666667,21.1
Half,2083,5.816666667,21.1
Half,2084,5.766666667,21.1
Half,2085,5.8,21.1
Half,2086,5.8,21.1
Half,2087,5.816666667,21.1
Half,2088,5.833333333,21.1
Half,2089,5.816666667,21.1
Half,2090,5.8,21.1
Half,2091,5.816666667,21.1
Half,2092,5.8,21.1
Half,2093,5.816666667,21.1
Half,2094,5.783333333,21.1
Half,2095,5.85,21.1
Half,2096,5.833333333,21.1
Half,2097,5.783333333,21.1
Half,2098,5.866666667,21.1
Half,2099,5.85,21.1
Half,2100,5.816666667,21.1
Half,2101,5.783333333,21.1
Half,2102,5.85,21.1
Half,2103,5.85,21.1
Half,2104,5.8,21.1
Half,2105,5.866666667,21.1
Half,2106,5.866666667,21.1
Half,2107,5.833333333,21.1
Half,2108,5.866666667,21.1
Half,2109,5.85,21.1
Half,2110,5.9,21.1
Half,2111,5.883333333,21.1
Half,2112,5.866666667,21.1
Half,2113,5.883333333,21.1
Half,2114,5.85,21.1
Half,2115,5.883333333,21.1
Half,2116,5.916666667,21.1
Half,2117,5.916666667,21.1
Half,2118,5.933333333,21.1
Half,2119,5.916666667,21.1
Half,2120,5.966666667,21.1
Half,2121,5.933333333,21.1
Half,2122,5.933333333,21.1
Half,2123,5.933333333,21.1
Half,2124,5.9,21.1
Half,2125,5.95,21.1
Half,2126,6.0,21.1
Half,2127,5.966666667,21.1
Half,2128,5.966666667,21.1
Half,2129,5.933333333,21.1
Half,2130,5.95,21.1
Half,2131,5.983333333,21.1
Half,2132,6.0,21.1
Half,2133,5.983333333,21.1
Half,2134,5.95,21.1
Half,2135,5.983333333,21.1
Half,2136,6.0,21.1
Half,2137,6.0,21.1
Half,2138,6.0,21.1
Half,2139,6.0,21.1
Half,2140,6.016666667,21.1
Half,2141,6.033333333,21.1
Half,2142,6.033333333,21.1
Half,2143,6.033333333,21.1
Half,2144,6.05,21.1
Half,2145,6.016666667,21.1
Half,2146,6.05,21.1
Half,2147,6.05,21.1
Half,2148,6.033333333,21.1
Half,2149,6.033333333,21.1
Half,2150,6.016666667,21.1
Half,2151,6.033333333,21.1
Half,2152,6.05,21.1
Half,2153,6.05,21.1
Half,2154,6.05,21.1
Half,2155,6.066666667,21.1
Half,2156,6.05,21.1
Half,2157,6.066666667,21.1
Half,2158,6.066666667,21.1
Half,2159,6.083333333,21.1
Half,2160,6.066666667,21.1
Half,2161,6.1,21.1
Half,2162,6.083333333,21.1
Half,2163,6.066666667,21.1
Half,2164,6.116666667,21.1
Half,2165,6.116666667,21.1
Half,2166,6.116666667,21.1
Half,2167,6.133333333,21.1
Half,2168,6.133333333,21.1
Half,2169,6.133333333,21.1
Half,2170,6.133333333,21.1
Half,2171,6.133333333,21.1
Half,2172,6.116666667,21.1
Half,2173,6.15,21.1
Half,2174,6.166666667,21.1
Half,2175,6.116666667,21.1
Half,2176,6.15,21.1
Half,2177,6.15,21.1
Half,2178,6.116666667,21.1
Half,2179,6.15,21.1
Half,2180,6.183333333,21.1
Half,2181,6.183333333,21.1
Half,2182,6.166666667,21.1
Half,2183,6.15,21.1
Half,2184,6.183333333,21.1
Half,2185,6.183333333,21.1
Half,2186,6.183333333,21.1
Half,2187,6.166666667,21.1
Half,2188,6.15,21.1
Half,2189,6.183333333,21.1
Half,2190,6.15,21.1
Half,2191,6.15,21.1
Half,2192,6.183333333,21.1
Half,2193,6.2,21.1
Half,2194,6.2,21.1
Half,2195,6.15,21.1
Half,2196,6.166666667,21.1
Half,2197,6.183333333,21.1
Half,2198,6.2,21.1
Half,2199,6.233333333,21.1
Half,2200,6.216666667,21.1
Half,2201,6.2,21.1
Half,2202,6.25,21.1
Half,2203,6.216666667,21.1
Half,2204,6.216666667,21.1
Half,2205,6.216666667,21.1
Half,2206,6.233333333,21.1
Half,2207,6.2,21.1
Half,2208,6.216666667,21.1
Half,2209,6.233333333,21.1
Half,2210,6.233333333,21.1
Half,2211,6.25,21.1
Half,2212,6.266666667,21.1
Half,2213,6.266666667,21.1
Half,2214,6.316666667,21.1
Half,2215,6.3,21.1
Half,2216,6.3,21.1
Half,2217,6.3,21.1
Half,2218,6.3,21.1
Half,2219,6.283333333,21.1
Half,2220,6.283333333,21.1
Half,2221,6.25,21.1
Half,2222,6.3,21.1
Half,2223,6.316666667,21.1
Half,2224,6.3,21.1
Half,2225,6.3,21.1
Half,2226,6.283333333,21.1
Half,2227,6.316666667,21.1
Half,2228,6.316666667,21.1
Half,2229,6.316666667,21.1
Half,2230,6.283333333,21.1
Half,2231,6.3,21.1
Half,2232,6.3,21.1
Half,2233,6.316666667,21.1
Half,2234,6.316666667,21.1
Half,2235,6.3,21.1
Half,2236,6.3,21.1
Half,2237,6.3,21.1
Half,2238,6.333333333,21.1
Half,2239,6.333333333,21.1
Half,2240,6.35,21.1
Half,2241,6.35,21.1
Half,2242,6.333333333,21.1
Half,2243,6.333333333,21.1
Half,2244,6.383333333,21.1
Half,2245,6.333333333,21.1
Half,2246,6.383333333,21.1
Half,2247,6.366666667,21.1
Half,2248,6.333333333,21.1
Half,2249,6.366666667,21.1
Half,2250,6.366666667,21.1
Half,2251,6.35,21.1
Half,2252,6.35,21.1
Half,2253,6.383333333,21.1
Half,2254,6.383333333,21.1
Half,2255,6.366666667,21.1
Half,2256,6.383333333,21.1
Half,2257,6.383333333,21.1
Half,2258,6.416666667,21.1
Half,2259,6.4,21.1
Half,2260,6.4,21.1
Half,2261,6.416666667,21.1
Half,2262,6.45,21.1
Half,2263,6.433333333,21.1
Half,2264,6.433333333,21.1
Half,2265,6.433333333,21.1
Half,2266,6.433333333,21.1
Half,2267,6.45,21.1
Half,2268,6.45,21.1
Half,2269,6.416666667,21.1
Half,2270,6.45,21.1
Half,2271,6.45,21.1
Half,2272,6.45,21.1
Half,2273,6.5,21.1
Half,2274,6.45,21.1
Half,2275,6.5,21.1
Half,2276,6.483333333,21.1
Half,2277,6.516666667,21.1
Half,2278,6.483333333,21.1
Half,2279,6.483333333,21.1
Half,2280,6.483333333,21.1
Half,2281,6.483333333,21.1
Half,2282,6.516666667,21.1
Half,2283,6.5,21.1
Half,2284,6.516666667,21.1
Half,2285,6.516666667,21.1
Half,2286,6.516666667,21.1
Half,2287,6.533333333,21.1
Half,2288,6.516666667,21.1
Half,2289,6.566666667,21.1
Half,2290,6.5,21.1
Half,2291,6.566666667,21.1
Half,2292,6.566666667,21.1
Half,2293,6.566666667,21.1
Half,2294,6.566666667,21.1
Half,2295,6.566666667,21.1
Half,2296,6.583333333,21.1
Half,2297,6.583333333,21.1
Half,2298,6.6,21.1
Half,2299,6.566666667,21.1
Half,2300,6.633333333,21.1
Half,2301,6.633333333,21.1
Half,2302,6.6,21.1
Half,2303,6.6,21.1
Half,2304,6.6,21.1
Half,2305,6.616666667,21.1
Half,2306,6.616666667,21.1
Half,2307,6.633333333,21.1
Half,2308,6.633333333,21.1
Half,2309,6.683333333,21.1
Half,2310,6.65,21.1
Half,2311,6.683333333,21.1
Half,2312,6.683333333,21.1
Half,2313,6.683333333,21.1
Half,2314,6.683333333,21.1
Half,2315,6.7,21.1
Half,2316,6.716666667,21.1
Half,2317,6.783333333,21.1
Half,2318,6.7,21.1
Half,2319,6.75,21.1
Half,2320,6.733333333,21.1
Half,2321,6.716666667,21.1
Half,2322,6.766666667,21.1
Half,2323,6.766666667,21.1
Half,2324,6.816666667,21.1
Half,2325,6.816666667,21.1
Half,2326,6.75,21.1
Half,2327,6.766666667,21.1
Half,2328,6.8,21.1
Half,2329,6.8,21.1
Half,2330,6.783333333,21.1
Half,2331,6.8,21.1
Half,2332,6.816666667,21.1
Half,2333,6.8,21.1
Half,2334,6.8,21.1
Half,2335,6.816666667,21.1
Half,2336,6.816666667,21.1
Half,2337,6.833333333,21.1
Half,2338,6.866666667,21.1
Half,2339,6.85,21.1
Half,2340,6.85,21.1
Half,2341,6.866666667,21.1
Half,2342,6.866666667,21.1
Half,2343,6.866666667,21.1
Half,2344,6.866666667,21.1
Half,2345,6.916666667,21.1
Half,2346,6.916666667,21.1
Half,2347,6.933333333,21.1
Half,2348,6.916666667,21.1
Half,2349,6.916666667,21.1
Half,2350,6.933333333,21.1
Half,2351,6.916666667,21.1
Half,2352,6.933333333,21.1
Half,2353,6.933333333,21.1
Half,2354,6.95,21.1
Half,2355,6.983333333,21.1
Half,2356,6.983333333,21.1
Half,2357,6.983333333,21.1
Half,2358,6.983333333,21.1
Half,2359,6.983333333,21.1
Half,2360,6.966666667,21.1
Half,2361,6.983333333,21.1
Half,2362,6.983333333,21.1
Half,2363,7.0,21.1
Half,2364,7.0,21.1
Half,2365,7.0,21.1
Half,2366,7.0,21.1
Half,2367,7.0,21.1
Half,2368,7.0,21.1
Half,2369,7.016666667,21.1
Half,2370,7.0,21.1
Half,2371,7.016666667,21.1
Half,2372,7.033333333,21.1
Half,2373,7.033333333,21.1
Half,2374,7.0,21.1
Half,2375,7.016666667,21.1
Half,2376,7.05,21.1
Half,2377,7.05,21.1
Half,2378,7.083333333,21.1
Half,2379,7.066666667,21.1
Half,2380,7.083333333,21.1
Half,2381,7.083333333,21.1
Half,2382,7.066666667,21.1
Half,2383,7.083333333,21.1
Half,2384,7.1,21.1
Half,2385,7.083333333,21.1
Half,2386,7.1,21.1
Half,2387,7.1,21.1
Half,2388,7.133333333,21.1
Half,2389,7.1,21.1
Half,2390,7.1,21.1
Half,2391,7.116666667,21.1
Half,2392,7.116666667,21.1
Half,2393,7.116666667,21.1
Half,2394,7.133333333,21.1
Half,2395,7.183333333,21.1
Half,2396,7.183333333,21.1
Half,2397,7.183333333,21.1
Half,2398,7.15,21.1
Half,2399,7.166666667,21.1
Half,2400,7.2,21.1
Half,2401,7.2,21.1
Half,2402,7.216666667,21.1
Half,2403,7.2,21.1
Half,2404,7.266666667,21.1
Half,2405,7.266666667,21.1
Half,2406,7.283333333,21.1
Half,2407,7.266666667,21.1
Half,2408,7.283333333,21.1
Half,2409,7.3,21.1
Half,2410,7.35,21.1
Half,2411,7.316666667,21.1
Half,2412,7.333333333,21.1
Half,2413,7.316666667,21.1
Half,2414,7.316666667,21.1
Half,2415,7.383333333,21.1
Half,2416,7.35,21.1
Half,2417,7.35,21.1
Half,2418,7.366666667,21.1
Half,2419,7.366666667,21.1
Half,2420,7.366666667,21.1
Half,2421,7.366666667,21.1
Half,2422,7.4,21.1
Half,2423,7.4,21.1
Half,2424,7.4,21.1
Half,2425,7.433333333,21.1
Half,2426,7.433333333,21.1
Half,2427,7.416666667,21.1
Half,2428,7.416666667,21.1
Half,2429,7.416666667,21.1
Half,2430,7.466666667,21.1
Half,2431,7.466666667,21.1
Half,2432,7.466666667,21.1
Half,2433,7.45,21.1
Half,2434,7.466666667,21.1
Half,2435,7.483333333,21.1
Half,2436,7.5,21.1
Half,2437,7.516666667,21.1
Half,2438,7.5,21.1
Half,2439,7.516666667,21.1
Half,2440,7.533333333,21.1
Half,2441,7.533333333,21.1
Half,2442,7.55,21.1
Half,2443,7.533333333,21.1
Half,2444,7.55,21.1
Half,2445,7.6,21.1
Half,2446,7.666666667,21.1
Half,2447,7.7,21.1
Half,2448,7.716666667,21.1
Half,2449,7.716666667,21.1
Half,2450,7.733333333,21.1
Half,2451,7.733333333,21.1
Half,2452,7.733333333,21.1
Half,2453,7.766666667,21.1
Half,2454,7.766666667,21.1
Half,2455,7.766666667,21.1
Half,2456,7.766666667,21.1
Half,2457,7.8,21.1
Half,2458,7.8,21.1
Half,2459,7.8,21.1
Half,2460,7.8,21.1
Half,2461,7.866666667,21.1
Half,2462,7.866666667,21.1
Half,2463,7.866666667,21.1
Half,2464,7.933333333,21.1
Half,2465,7.933333333,21.1
Half,2466,7.966666667,21.1
Half,2467,8.0,21.1
Half,2468,8.05,21.1
Half,2469,8.066666667,21.1
Half,2470,8.083333333,21.1
Half,2471,8.1,21.1
Half,2472,8.1,21.1
Half,2473,8.1,21.1
Half,2474,8.166666667,21.1
Half,2475,8.2,21.1
Half,2476,8.2,21.1
Half,2477,8.216666667,21.1
Half,2478,8.216666667,21.1
Half,2479,8.216666667,21.1
Half,2480,8.25,21.1
Half,2481,8.233333333,21.1
Half,2482,8.233333333,21.1
Half,2483,8.266666667,21.1
Half,2484,8.266666667,21.1
Half,2485,8.266666667,21.1
Half,2486,8.283333333,21.1
Half,2487,8.283333333,21.1
Half,2488,8.316666667,21.1
Half,2489,8.316666667,21.1
Half,2490,8.316666667,21.1
Half,2491,8.316666667,21.1
Half,2492,8.316666667,21.1
Half,2493,8.316666667,21.1
Half,2494,8.333333333,21.1
Half,2495,8.333333333,21.1
Half,2496,8.4,21.1
Half,2497,8.433333333,21.1
Half,2498,8.466666667,21.1
Half,2499,8.466666667,21.1
Half,2500,8.466666667,21.1
Half,2501,8.466666667,21.1
Half,2502,8.516666667,21.1
Half,2503,8.533333333,21.1
Half,2504,8.566666667,21.1
Half,2505,8.683333333,21.1
Half,2506,8.716666667,21.1
Half,2507,8.716666667,21.1
Half,2508,8.733333333,21.1
Half,2509,8.733333333,21.1
Half,2510,8.766666667,21.1
Half,2511,8.733333333,21.1
Half,2512,8.8,21.1
Half,2513,8.816666667,21.1
Half,2514,8.916666667,21.1
Half,2515,8.9,21.1
Half,2516,8.866666667,21.1
Half,2517,8.9,21.1
Half,2518,8.933333333,21.1
Half,2519,9.1,21.1
Half,2520,9.383333333,21.1
Half,2521,9.583333333,21.1
Half,2522,9.6,21.1
Half,2523,9.9,21.1
Half,2524,10.11666667,21.1
Half,2525,10.53333333,21.1
Half,2526,10.65,21.1
Half,2527,11.01666667,21.1
Half,2528,11.13333333,21.1
Half,2529,12.68333333,21.1
Full,2530,3.933333333,42.2
Full,2531,3.966666667,42.2
Full,2532,3.983333333,42.2
Full,2533,4.0,42.2
Full,2534,4.016666667,42.2
Full,2535,4.016666667,42.2
Full,2536,4.016666667,42.2
Full,2537,4.033333333,42.2
Full,2538,4.05,42.2
Full,2539,4.05,42.2
Full,2540,4.066666667,42.2
Full,2541,4.066666667,42.2
Full,2542,4.066666667,42.2
Full,2543,4.083333333,42.2
Full,2544,4.083333333,42.2
Full,2545,4.116666667,42.2
Full,2546,4.133333333,42.2
Full,2547,4.133333333,42.2
Full,2548,4.15,42.2
Full,2549,4.15,42.2
Full,2550,4.2,42.2
Full,2551,4.2,42.2
Full,2552,4.216666667,42.2
Full,2553,4.233333333,42.2
Full,2554,4.25,42.2
Full,2555,4.25,42.2
Full,2556,4.25,42.2
Full,2557,4.266666667,42.2
Full,2558,4.283333333,42.2
Full,2559,4.283333333,42.2
Full,2560,4.283333333,42.2
Full,2561,4.3,42.2
Full,2562,4.316666667,42.2
Full,2563,4.333333333,42.2
Full,2564,4.333333333,42.2
Full,2565,4.383333333,42.2
Full,2566,4.416666667,42.2
Full,2567,4.416666667,42.2
Full,2568,4.416666667,42.2
Full,2569,4.45,42.2
Full,2570,4.466666667,42.2
Full,2571,4.483333333,42.2
Full,2572,4.483333333,42.2
Full,2573,4.483333333,42.2
Full,2574,4.5,42.2
Full,2575,4.516666667,42.2
Full,2576,4.516666667,42.2
Full,2577,4.516666667,42.2
Full,2578,4.533333333,42.2
Full,2579,4.55,42.2
Full,2580,4.583333333,42.2
Full,2581,4.616666667,42.2
Full,2582,4.616666667,42.2
Full,2583,4.65,42.2
Full,2584,4.666666667,42.2
Full,2585,4.666666667,42.2
Full,2586,4.683333333,42.2
Full,2587,4.683333333,42.2
Full,2588,4.683333333,42.2
Full,2589,4.683333333,42.2
Full,2590,4.683333333,42.2
Full,2591,4.683333333,42.2
Full,2592,4.683333333,42.2
Full,2593,4.7,42.2
Full,2594,4.7,42.2
Full,2595,4.716666667,42.2
Full,2596,4.733333333,42.2
Full,2597,4.733333333,42.2
Full,2598,4.733333333,42.2
Full,2599,4.75,42.2
Full,2600,4.75,42.2
Full,2601,4.766666667,42.2
Full,2602,4.75,42.2
Full,2603,4.766666667,42.2
Full,2604,4.766666667,42.2
Full,2605,4.783333333,42.2
Full,2606,4.783333333,42.2
Full,2607,4.783333333,42.2
Full,2608,4.8,42.2
Full,2609,4.8,42.2
Full,2610,4.8,42.2
Full,2611,4.8,42.2
Full,2612,4.8,42.2
Full,2613,4.816666667,42.2
Full,2614,4.816666667,42.2
Full,2615,4.816666667,42.2
Full,2616,4.833333333,42.2
Full,2617,4.833333333,42.2
Full,2618,4.833333333,42.2
Full,2619,4.85,42.2
Full,2620,4.85,42.2
Full,2621,4.85,42.2
Full,2622,4.866666667,42.2
Full,2623,4.866666667,42.2
Full,2624,4.866666667,42.2
Full,2625,4.866666667,42.2
Full,2626,4.883333333,42.2
Full,2627,4.883333333,42.2
Full,2628,4.883333333,42.2
Full,2629,4.883333333,42.2
Full,2630,4.883333333,42.2
Full,2631,4.933333333,42.2
Full,2632,4.933333333,42.2
Full,2633,4.933333333,42.2
Full,2634,4.933333333,42.2
Full,2635,4.95,42.2
Full,2636,4.95,42.2
Full,2637,4.966666667,42.2
Full,2638,4.95,42.2
Full,2639,4.966666667,42.2
Full,2640,4.966666667,42.2
Full,2641,4.966666667,42.2
Full,2642,4.983333333,42.2
Full,2643,4.983333333,42.2
Full,2644,4.983333333,42.2
Full,2645,4.983333333,42.2
Full,2646,5.0,42.2
Full,2647,4.983333333,42.2
Full,2648,5.0,42.2
Full,2649,5.0,42.2
Full,2650,5.016666667,42.2
Full,2651,5.016666667,42.2
Full,2652,5.016666667,42.2
Full,2653,5.033333333,42.2
Full,2654,5.05,42.2
Full,2655,5.05,42.2
Full,2656,5.05,42.2
Full,2657,5.05,42.2
Full,2658,5.066666667,42.2
Full,2659,5.083333333,42.2
Full,2660,5.083333333,42.2
Full,2661,5.116666667,42.2
Full,2662,5.116666667,42.2
Full,2663,5.116666667,42.2
Full,2664,5.15,42.2
Full,2665,5.15,42.2
Full,2666,5.166666667,42.2
Full,2667,5.166666667,42.2
Full,2668,5.166666667,42.2
Full,2669,5.166666667,42.2
Full,2670,5.183333333,42.2
Full,2671,5.166666667,42.2
Full,2672,5.183333333,42.2
Full,2673,5.183333333,42.2
Full,2674,5.183333333,42.2
Full,2675,5.183333333,42.2
Full,2676,5.2,42.2
Full,2677,5.2,42.2
Full,2678,5.2,42.2
Full,2679,5.2,42.2
Full,2680,5.2,42.2
Full,2681,5.216666667,42.2
Full,2682,5.216666667,42.2
Full,2683,5.233333333,42.2
Full,2684,5.25,42.2
Full,2685,5.25,42.2
Full,2686,5.266666667,42.2
Full,2687,5.266666667,42.2
Full,2688,5.266666667,42.2
Full,2689,5.283333333,42.2
Full,2690,5.283333333,42.2
Full,2691,5.283333333,42.2
Full,2692,5.3,42.2
Full,2693,5.283333333,42.2
Full,2694,5.316666667,42.2
Full,2695,5.333333333,42.2
Full,2696,5.333333333,42.2
Full,2697,5.333333333,42.2
Full,2698,5.333333333,42.2
Full,2699,5.316666667,42.2
Full,2700,5.35,42.2
Full,2701,5.333333333,42.2
Full,2702,5.35,42.2
Full,2703,5.366666667,42.2
Full,2704,5.366666667,42.2
Full,2705,5.383333333,42.2
Full,2706,5.383333333,42.2
Full,2707,5.4,42.2
Full,2708,5.4,42.2
Full,2709,5.4,42.2
Full,2710,5.416666667,42.2
Full,2711,5.416666667,42.2
Full,2712,5.416666667,42.2
Full,2713,5.416666667,42.2
Full,2714,5.433333333,42.2
Full,2715,5.433333333,42.2
Full,2716,5.433333333,42.2
Full,2717,5.433333333,42.2
Full,2718,5.45,42.2
Full,2719,5.433333333,42.2
Full,2720,5.466666667,42.2
Full,2721,5.466666667,42.2
Full,2722,5.483333333,42.2
Full,2723,5.483333333,42.2
Full,2724,5.5,42.2
Full,2725,5.5,42.2
Full,2726,5.516666667,42.2
Full,2727,5.5,42.2
Full,2728,5.516666667,42.2
Full,2729,5.55,42.2
Full,2730,5.55,42.2
Full,2731,5.566666667,42.2
Full,2732,5.566666667,42.2
Full,2733,5.566666667,42.2
Full,2734,5.55,42.2
Full,2735,5.566666667,42.2
Full,2736,5.583333333,42.2
Full,2737,5.583333333,42.2
Full,2738,5.583333333,42.2
Full,2739,5.583333333,42.2
Full,2740,5.583333333,42.2
Full,2741,5.6,42.2
Full,2742,5.6,42.2
Full,2743,5.6,42.2
Full,2744,5.583333333,42.2
Full,2745,5.6,42.2
Full,2746,5.6,42.2
Full,2747,5.616666667,42.2
Full,2748,5.616666667,42.2
Full,2749,5.616666667,42.2
Full,2750,5.633333333,42.2
Full,2751,5.633333333,42.2
Full,2752,5.616666667,42.2
Full,2753,5.65,42.2
Full,2754,5.666666667,42.2
Full,2755,5.666666667,42.2
Full,2756,5.65,42.2
Full,2757,5.633333333,42.2
Full,2758,5.666666667,42.2
Full,2759,5.683333333,42.2
Full,2760,5.683333333,42.2
Full,2761,5.683333333,42.2
Full,2762,5.683333333,42.2
Full,2763,5.683333333,42.2
Full,2764,5.7,42.2
Full,2765,5.716666667,42.2
Full,2766,5.766666667,42.2
Full,2767,5.75,42.2
Full,2768,5.783333333,42.2
Full,2769,5.8,42.2
Full,2770,5.816666667,42.2
Full,2771,5.816666667,42.2
Full,2772,5.816666667,42.2
Full,2773,5.816666667,42.2
Full,2774,5.816666667,42.2
Full,2775,5.816666667,42.2
Full,2776,5.833333333,42.2
Full,2777,5.85,42.2
Full,2778,5.883333333,42.2
Full,2779,5.9,42.2
Full,2780,5.9,42.2
Full,2781,5.9,42.2
Full,2782,5.933333333,42.2
Full,2783,5.933333333,42.2
Full,2784,5.966666667,42.2
Full,2785,5.966666667,42.2
Full,2786,5.966666667,42.2
Full,2787,5.983333333,42.2
Full,2788,5.983333333,42.2
Full,2789,5.983333333,42.2
Full,2790,5.983333333,42.2
Full,2791,6.0,42.2
Full,2792,6.0,42.2
Full,2793,5.983333333,42.2
Full,2794,6.016666667,42.2
Full,2795,6.0,42.2
Full,2796,6.0,42.2
Full,2797,6.033333333,42.2
Full,2798,6.033333333,42.2
Full,2799,6.033333333,42.2
Full,2800,6.033333333,42.2
Full,2801,6.05,42.2
Full,2802,6.016666667,42.2
Full,2803,6.066666667,42.2
Full,2804,6.066666667,42.2
Full,2805,6.05,42.2
Full,2806,6.066666667,42.2
Full,2807,6.083333333,42.2
Full,2808,6.083333333,42.2
Full,2809,6.1,42.2
Full,2810,6.116666667,42.2
Full,2811,6.1,42.2
Full,2812,6.133333333,42.2
Full,2813,6.183333333,42.2
Full,2814,6.166666667,42.2
Full,2815,6.183333333,42.2
Full,2816,6.25,42.2
Full,2817,6.233333333,42.2
Full,2818,6.266666667,42.2
Full,2819,6.316666667,42.2
Full,2820,6.333333333,42.2
Full,2821,6.35,42.2
Full,2822,6.366666667,42.2
Full,2823,6.366666667,42.2
Full,2824,6.383333333,42.2
Full,2825,6.366666667,42.2
Full,2826,6.383333333,42.2
Full,2827,6.383333333,42.2
Full,2828,6.4,42.2
Full,2829,6.4,42.2
Full,2830,6.4,42.2
Full,2831,6.416666667,42.2
Full,2832,6.433333333,42.2
Full,2833,6.45,42.2
Full,2834,6.5,42.2
Full,2835,6.483333333,42.2
Full,2836,6.483333333,42.2
Full,2837,6.5,42.2
Full,2838,6.566666667,42.2
Full,2839,6.533333333,42.2
Full,2840,6.533333333,42.2
Full,2841,6.6,42.2
Full,2842,6.616666667,42.2
Full,2843,6.616666667,42.2
Full,2844,6.633333333,42.2
Full,2845,6.616666667,42.2
Full,2846,6.633333333,42.2
Full,2847,6.65,42.2
Full,2848,6.666666667,42.2
Full,2849,6.683333333,42.2
Full,2850,6.683333333,42.2
Full,2851,6.7,42.2
Full,2852,6.683333333,42.2
Full,2853,6.683333333,42.2
Full,2854,6.683333333,42.2
Full,2855,6.75,42.2
Full,2856,6.766666667,42.2
Full,2857,6.883333333,42.2
Full,2858,6.866666667,42.2
Full,2859,6.916666667,42.2
Full,2860,6.95,42.2
Full,2861,7.0,42.2
Full,2862,7.016666667,42.2
Full,2863,7.033333333,42.2
Full,2864,7.133333333,42.2
Full,2865,7.166666667,42.2
Full,2866,7.183333333,42.2
Full,2867,7.216666667,42.2
Full,2868,7.266666667,42.2
Full,2869,7.266666667,42.2
Full,2870,7.333333333,42.2
Full,2871,7.4,42.2
Full,2872,7.416666667,42.2
Full,2873,7.466666667,42.2
Full,2874,7.466666667,42.2
Full,2875,7.583333333,42.2
Full,2876,7.583333333,42.2
Full,2877,7.6,42.2
Full,2878,7.6,42.2
Full,2879,7.65,42.2
Full,2880,7.666666667,42.2
Full,2881,7.666666667,42.2
Full,2882,7.683333333,42.2
Full,2883,7.716666667,42.2
Full,2884,7.716666667,42.2
Full,2885,7.75,42.2
Full,2886,7.883333333,42.2
Full,2887,7.883333333,42.2
Full,2888,7.866666667,42.2
Full,2889,7.883333333,42.2
Full,2890,7.883333333,42.2
Full,2891,7.9,42.2
Full,2892,8.0,42.2
Full,2893,7.983333333,42.2
Full,2894,8.2,42.2
Full,2895,8.2,42.2
Full,2896,8.316666667,42.2
Full,2897,8.516666667,42.2
