{
  "ok": true,
  "source": "density_analysis",
  "timestamp": "2025-09-17T21:19:47.633814",
  "segments": {
    "A1": {
      "segment_id": "A1",
      "segment_label": "Start to Queen/Regent",
      "peak_areal_density": 0.20244444444444445,
      "peak_crowd_density": 1.0122222222222221,
      "zone": "green",
      "flow_type": "overtake",
      "width_m": 3.0
    },
    "A2": {
      "segment_id": "A2",
      "segment_label": "Queen/Regent to WSB mid-point",
      "peak_areal_density": 0.2028888888888889,
      "peak_crowd_density": 1.0144444444444445,
      "zone": "green",
      "flow_type": "overtake",
      "width_m": 3.0
    },
    "A3": {
      "segment_id": "A3",
      "segment_label": "WSB mid-point to Friel",
      "peak_areal_density": 0.1913333333333333,
      "peak_crowd_density": 0.9566666666666666,
      "zone": "green",
      "flow_type": "overtake",
      "width_m": 3.0
    },
    "B1": {
      "segment_id": "B1",
      "segment_label": "Friel to 10K Turn",
      "peak_areal_density": 0.2993548387096775,
      "peak_crowd_density": 0.4490322580645162,
      "zone": "green",
      "flow_type": "overtake",
      "width_m": 3.0
    },
    "B2": {
      "segment_id": "B2",
      "segment_label": "10K Turn to Friel",
      "peak_areal_density": 0.03454545454545454,
      "peak_crowd_density": 0.05181818181818181,
      "zone": "green",
      "flow_type": "overtake",
      "width_m": 3.0
    },
    "B3": {
      "segment_id": "B3",
      "segment_label": "10K Turn to Friel",
      "peak_areal_density": 0.196989247311828,
      "peak_crowd_density": 0.295483870967742,
      "zone": "green",
      "flow_type": "overtake",
      "width_m": 3.0
    },
    "D1": {
      "segment_id": "D1",
      "segment_label": "10K Turn to Full Turn Blake (Out)",
      "peak_areal_density": 0.0465528146742568,
      "peak_crowd_density": 0.0698292220113852,
      "zone": "green",
      "flow_type": "none",
      "width_m": 3.0
    },
    "D2": {
      "segment_id": "D2",
      "segment_label": "Full Turn Blake to 10K Turn (Return)",
      "peak_areal_density": 0.038510101010101,
      "peak_crowd_density": 0.057765151515151505,
      "zone": "green",
      "flow_type": "none",
      "width_m": 3.0
    },
    "F1": {
      "segment_id": "F1",
      "segment_label": "Friel to Station Rd.",
      "peak_areal_density": 0.034817136886102405,
      "peak_crowd_density": 0.10445141065830721,
      "zone": "green",
      "flow_type": "parallel",
      "width_m": 3.0
    },
    "G1": {
      "segment_id": "G1",
      "segment_label": "Full Loop around QS to Trail/Aberdeen",
      "peak_areal_density": 0.02121212121212125,
      "peak_crowd_density": 0.06363636363636375,
      "zone": "green",
      "flow_type": "none",
      "width_m": 3.0
    },
    "H1": {
      "segment_id": "H1",
      "segment_label": "Trail/Aberdeen to/from Station Rd",
      "peak_areal_density": 0.03399296394019349,
      "peak_crowd_density": 0.05098944591029023,
      "zone": "green",
      "flow_type": "counterflow",
      "width_m": 3.0
    },
    "I1": {
      "segment_id": "I1",
      "segment_label": "Station Rd to Bridge/Mill",
      "peak_areal_density": 0.015979453005692073,
      "peak_crowd_density": 0.047938359017076215,
      "zone": "green",
      "flow_type": "counterflow",
      "width_m": 3.0
    },
    "J1": {
      "segment_id": "J1",
      "segment_label": "Bridge/Mill to Half Turn (Outbound)",
      "peak_areal_density": 0.019371310036700177,
      "peak_crowd_density": 0.029056965055050264,
      "zone": "green",
      "flow_type": "counterflow",
      "width_m": 3.0
    },
    "J2": {
      "segment_id": "J2",
      "segment_label": "Half Turn to Full Turn (Out)",
      "peak_areal_density": 0.02721088435374152,
      "peak_crowd_density": 0.040816326530612276,
      "zone": "green",
      "flow_type": "none",
      "width_m": 3.0
    },
    "J3": {
      "segment_id": "J3",
      "segment_label": "Full Turn to Half Turn (Return)",
      "peak_areal_density": 0.027642276422764137,
      "peak_crowd_density": 0.041463414634146205,
      "zone": "green",
      "flow_type": "none",
      "width_m": 3.0
    },
    "J4": {
      "segment_id": "J4",
      "segment_label": "Half Turn to Bridge/Mill",
      "peak_areal_density": 0.01500709219858156,
      "peak_crowd_density": 0.02251063829787234,
      "zone": "green",
      "flow_type": "counterflow",
      "width_m": 3.0
    },
    "J5": {
      "segment_id": "J5",
      "segment_label": "Half Turn to Bridge/Mill (Slow Half)",
      "peak_areal_density": 0.015457091927680163,
      "peak_crowd_density": 0.023185637891520245,
      "zone": "green",
      "flow_type": "counterflow",
      "width_m": 3.0
    },
    "K1": {
      "segment_id": "K1",
      "segment_label": "Bridge/Mill to Station Rd",
      "peak_areal_density": 0.007752885268160217,
      "peak_crowd_density": 0.023258655804480652,
      "zone": "green",
      "flow_type": "counterflow",
      "width_m": 3.0
    },
    "L1": {
      "segment_id": "L1",
      "segment_label": "Trail/Aberdeen to/from Station Rd",
      "peak_areal_density": 0.036653594771241825,
      "peak_crowd_density": 0.054980392156862734,
      "zone": "green",
      "flow_type": "counterflow",
      "width_m": 3.0
    },
    "L2": {
      "segment_id": "L2",
      "segment_label": "Station Rd to Trail/Aberdeen",
      "peak_areal_density": 0.013043478260869542,
      "peak_crowd_density": 0.01956521739130431,
      "zone": "green",
      "flow_type": "counterflow",
      "width_m": 3.0
    },
    "M1": {
      "segment_id": "M1",
      "segment_label": "Trail/Aberdeen to Finish (Full to Loop)",
      "peak_areal_density": 0.007900146842878118,
      "peak_crowd_density": 0.023700440528634358,
      "zone": "green",
      "flow_type": "overtake",
      "width_m": 3.0
    },
    "M2": {
      "segment_id": "M2",
      "segment_label": "Trail/Aberdeen to Finish",
      "peak_areal_density": 0.017333333333333333,
      "peak_crowd_density": 0.052,
      "zone": "green",
      "flow_type": "none",
      "width_m": 3.0
    }
  },
  "metadata": {
    "total_segments": 22,
    "analysis_type": "density",
    "start_times": {
      "Full": 420,
      "10K": 440,
      "Half": 460
    }
  }
}